Vector Name,Cloning Method,Forward Primer 5' Extension,Forward Primer 5' Conditional Extension,Reverse Primer 5' Extension,Reverse Primer 5' Conditional Extension,Vector 5' Sequence,Vector 3' Sequence,Vector CDS Start Index,Vector N-Terminal Tag Length,Vector C-Terminal Tag Length
pNIC28-Bsa4,LIC,TACTTCCAATCC,ATG,TATCCACCTTTACTG,TCA,ATGCACCATCATCATCATCATTCTTCTGGTGTAGATCTGGGTACCGAGAACCTGTACTTCCAATCCAT,AGTAAAGGTGGATACGGATCCGG,1,21,0
pGTvL1-SGC,LIC,TACTTCCAATCC,ATG,TATCCACCTTTACTG,TCA,ATGTCCCCTATACTAGGTTATTGGAAAATTAAGGGCCTTGTGCAACCCACTCGACTTCTTTTGGAATATCTTGAAGAAAAATATGAAGAGCATTTGTATGAGCGCGATGAAGGTGATAAATGGCGAAACAAAAAGTTTGAATTGGGTTTGGAGTTTCCCAATCTTCCTTATTATATTGATGGTGATGTTAAATTAACACAGTCTATGGCCATCATACGTTATATAGCTGACAAGCACAACATGTTGGGTGGTTGTCCAAAAGAGCGTGCAGAGATTTCAATGCTTGAAGGAGCGGTTTTGGATATTAGATACGGTGTTTCGAGAATTGCATATAGTAAAGACTTTGAAACTCTCAAAGTTGATTTTCTTAGCAAGCTACCTGAAATGCTGAAAATGTTCGAAGATCGTTTATGTCATAAAACATATTTAAATGGTGATCATGTAACCCATCCTGACTTCATGTTGTATGACGCTCTTGATGTTGTTTTATACATGGACCCAATGTGCCTGGATGCGTTCCCAAAATTAGTTTGTTTTAAAAAACGTATTGAAGCTATCCCACAAATTGATAAGTACTTGAAATCCAGCAAGTATATAGCATGGCCTTTGCAGGGCTGGCAAGCCACGTTTGGTGGTGGCGACCATCCTCCAAAATCGAGCTCAGAGAACCTGTACTTCCAATCCAT,AGTAAAGGTGGATACGGATCCGG,1,227,0
pNIC-CTHF,LIC,TTAAGAAGGAGATATACT,ATG,GATTGGAAGTAGAGGTTCTCTGC,,TTTAACCTTAAGAAGGAGA,TCTACTTCCAATCGCACCATCATCACCACCATGATTACAAGGATGACGACGATAAGTGA,26,0,15
pNIC-CTH0,LIC,TTAAGAAGGAGATATACT,ATG,GATTGGAAGTAGAGGTTCTCTGC,,TTTAACCTTAAGAAGGAGA,TCTACTTCCAATCGCACCATCATCACCACCATTGA,26,0,7
pFB-LIC-Bse,LIC,TACTTCCAATCC,ATG,TATCCACCTTTACTG,TCA,ATGGGCCACCATCATCATCATCATTCTTCTGGTGTAGATCTGGGTACCGAGAACCTGTACTTCCAATCCAT,AGTAAAGGTGGATACGGATCCG,1,22,0
pFB-CT10HF-LIC,LIC,TTAAGAAGGAGATATACT,ATG,GATTGGAAGTAGAGGTTCTCTGC,,GATCTCCTTAAGAAGGAGA,TCTACTTCCAATCGCACCATCATCACCATCACCATCACCACCATGATTACAAGGATGACGACGATAAGTGA,26,0,19
pNIC-Bio3,LIC,TACTTCCAATCC,ATG,TATCCACCTTTACTGCT,,ATGCACCATCATCACCACCATTCTTCTGGTGTAGATCTGGGTACCGAGAACCTGTACTTCCAATCCAT,AGTAAAGGTGGATACGGCCTGAATGATATCTTTGAAGCGCAGAAGATTGAATGGCATGAATGA,1,21,0
pFB-6HzB,LIC,TACTTCCAATCC,ATG,TATCCACCTTTACTG,TCA,atgggccaccatcatcatcatcattcttctggtgtggataacaagttcaacaaggagcgtcgaagagctcgccgtgaaattcgccatctgccgaacctgaaccgcgaacagcgtcgcgcatttattcgcagcctgcgcgatgatccgagccagagcgcgaacctgctggcggaagcgaagaagctgaacgatgcgcagccgaagggtacagagaacctgtacttccaatccat,AGTAAAGGTGGATACGGATCCGG,1,76,0
pNIC-Zb,LIC,TACTTCCAATCC,ATG,TATCCACCTTTACTG,TCA,atgcaccatcatcatcatcattcttctggtgtggataacaagttcaacaaggagcgtcgaagagctcgccgtgaaattcgccatctgccgaacctgaaccgcgaacagcgtcgcgcatttattcgcagcctgcgcgatgatccgagccagagcgcgaacctgctggcggaagcgaagaagctgaacgatgcgcagccgaagggtaccgagaacctgtacttccaatccat,AGTAAAGGTGGATACGGATCCGG,1,75,0
pHTBV1.1-LIC,LIC,TTAAGAAGGAGATATACT,ATG,GATTGGAAGTAGAGGTTCTCTGC,,TTAAGAAGGAGATATACTAT,TCTACTTCCAATCGCACCATCATCACCATCACCATCACCACCATGATTACAAGGATGACGACGATAAGTGA,19,0,19
pFB-GST3C-LIC,LIC,CCCACTCTCT,ATG,TATCCACCTTTACTG,TCA,atgggctcccctatactaggttattggaaaattaagggccttgtgcaacccactcgacttcttttggaatatcttgaagaaaaatatgaagagcatttgtatgagcgcgatgaaggtgataaatggcgaaacaaaaagtttgaattgggtttggagtttcccaatcttccttattatattgatggtgatgttaaattaacacagtctatggccatcatacgttatatagctgacaagcacaacatgttgggtggttgtccaaaagagcgtgcagagatttcaatgcttgaaggagcggttttggatattagatacggtgtttcgagaattgcatatagtaaagactttgaaactctcaaagttgattttcttagcaagctacctgaaatgctgaaaatgttcgaagatcgtttatgtcataaaacatatttaaatggtgatcatgtaacccatcctgacttcatgttgtatgacgctcttgatgttgttttatacatggacccaatgtgcctggatgcgttcccaaaattagtttgttttaaaaaacgtattgaagctatcccacaaattgataagtacttgaaatccagcaagtatatagcatggcctttgcagggctggcaagccacgtttggtggtggcgaccatcctccaaaatcggatctggaagttctgttccagggcccactctctat,AGTAAAGGTGGATACGGATCCGG,1,227,0
pFB-Bio5,LIC,TACTTCCAATCC,ATG,TATCCACCTTTACTGCT,,ATGGGCCACCATCATCATCATCATTCTTCTGGTGTAGATCTGGGTACCGAGAACCTGTACTTCCAATCCAT,AGTAAAGGTGGATACGGCCTGAATGATATCTTTGAAGCGCAGAAGATTGAATGGCATGAATGATAA,1,22,0
pSUMO-LIC,LIC,ACCAGGAGCAAACGGGAGGT,,CAGACCGCCACCGCT,TCA,atgtgcagcagccatcatcatcatcatcacggcagcggcagcggctctgaccaggaggcaaaaccttcaactgaggacttgggggataagaaggaaggtgaatatattaaactcaaagtcattggacaggatagcagtgagattcacttcaaagtgaaaatgacaacacatctcaagaaactcaaagaatcatactgtcaaagacagggtgttccaatgaattcactcaggtttctctttgagggtcagagaattgctgataatcatactccaaaagaactgggaatggaggaagaagatgtgattgaagtttaccaggagcaaacgggaggt,AGCGGTGGCGGTCTGAACGACATCTTCGAGGCTCAGAAAATCGAATGGCACGAACACCACCACCACCACCACTGA,1,111,0
pSUMO2-LIC,LIC,ACCAGGAGCAAACGGGAGGT,,CAGACCGCCACCGCT,,ATGTGCAGCAGCGGCAGCGGCAGCGGCTCTGACCAGGAGGCAAAACCTTCAACTGAGGACTTGGGGGATAAGAAGGAAGGTGAATATATTAAACTCAAAGTCATTGGACAGGATAGCAGTGAGATTCACTTCAAAGTGAAAATGACAACACATCTCAAGAAACTCAAAGAATCATACTGTCAAAGACAGGGTGTTCCAATGAATTCACTCAGGTTTCTCTTTGAGGGTCAGAGAATTGCTGATAATCATACTCCAAAAGAACTGGGAATGGAGGAAGAAGATGTGATTGAAGTTTACCAGGAGCAAACGGGAGGT,AGCGGTGGCGGTCTGAACGACATCTTCGAGGCTCAGAAAATCGAATGGCACGAACACCACCACCACCACCACTGA,1,105,0
pGTVL2,LIC,TACTTCCAATCC,ATG,TATCCACCTTTACTG,TCA,ATGCACCATCATCATCATCATTCTTCTATGTCCCCTATACTAGGTTATTGGAAAATTAAGGGCCTTGTGCAACCCACTCGACTTCTTTTGGAATATCTTGAAGAAAAATATGAAGAGCATTTGTATGAGCGCGATGAAGGTGATAAATGGCGAAACAAAAAGTTTGAATTGGGTTTGGAGTTTCCCAATCTTCCTTATTATATTGATGGTGATGTTAAATTAACACAGTCTATGGCCATCATACGTTATATAGCTGACAAGCACAACATGTTGGGTGGTTGTCCAAAAGAGCGTGCAGAGATTTCAATGCTTGAAGGAGCGGTTTTGGATATTAGATACGGTGTTTCGAGAATTGCATATAGTAAAGACTTTGAAACTCTCAAAGTTGATTTTCTTAGCAAGCTACCTGAAATGCTGAAAATGTTCGAAGATCGTTTATGTCATAAAACATATTTAAATGGTGATCATGTAACCCATCCTGACTTCATGTTGTATGACGCTCTTGATGTTGTTTTATACATGGACCCAATGTGCCTGGATGCGTTCCCAAAATTAGTTTGTTTTAAAAAACGTATTGAAGCTATCCCACAAATTGATAAGTACTTGAAATCCAGCAAGTATATAGCATGGCCTTTGCAGGGCTGGCAAGCCACGTTTGGTGGTGGCGACCATCCTCCAAAATCGAGCTCAGGTGTAGATCTGGGTACCGAGAACCTGTACTTCCAATCC,AGTAAAGGTGGATACGGATCCGG,1,242,0
